coauthor_producers,content_id,content_type,date_posted,description,discovery_input,display_url,engagement_score_view,followers,has_handshake,hashtags,is_paid_partnership,is_verified,latest_comments,likes,location,num_comments,partnership_details,photos,pk,post_id,posts_count,product_type,profile_image_link,shortcode,tagged_users,thumbnail,url,user_posted,video_play_count,video_view_count,videos
[],C_LXA9GxRc8,Image,2024-08-27T14:56:03.000Z,@venkat_prabhu Unna nambi thaan bro en mental peace eh iruku üò≠‚ù§Ô∏èüôå..Jeichiru nov üî• #tamilmemes #greatestofalltime #goatmovie #thalapathy68 #thalapathyvijay #venkatprabhu #goattrailer,"{""keyword"": ""GOAT movie""}",https://www.instagram.com/p/C_LXA9GxRc8/media/?size=l,,9594,,"[""#tamilmemes"", ""#greatestofalltime"", ""#goatmovie"", ""#thalapathy68"", ""#thalapathyvijay"", ""#venkatprabhu"", ""#goattrailer""]",False,False,"[{""comments"": ""Admin reveal \ud83d\udd25"", ""likes"": 1, ""replies"": [{""comments"": ""@og.johncaleb Nee vera yenda \ud83d\ude02\ud83d\ude02"", ""likes"": 0, ""user_commenting"": ""moviemannan""}], ""user_commenting"": ""og.johncaleb""}]",-1,,2,"{""profile_id"": null, ""profile_url"": null, ""username"": null}","[""https://instagram.fgbb1-1.fna.fbcdn.net/v/t51.29350-15/457133541_3229986747131381_797316319421168802_n.webp?stp=dst-jpg_e35&_nc_ht=instagram.fgbb1-1.fna.fbcdn.net&_nc_cat=105&_nc_ohc=n9fsJkPdrYgQ7kNvgGmkaxk&edm=AABBvjUBAAAA&ccb=7-5&oh=00_AYAoLkXJHiXUylxh59dPDoE_HLT_iZ481AC0jYAnLD2SOw&oe=66D3D878&_nc_sid=4f4799""]",3443947560736462652,3443947560736462652,734,,https://instagram.fgbb1-1.fna.fbcdn.net/v/t51.2885-19/456165364_1243603830327217_8109834869551515343_n.jpg?stp=dst-jpg_s150x150&_nc_ht=instagram.fgbb1-1.fna.fbcdn.net&_nc_cat=101&_nc_ohc=mj07TMJaATYQ7kNvgFoNOIN&edm=AABBvjUBAAAA&ccb=7-5&oh=00_AYBxgaTQcKRnBnTGNWZseNCz7exEWoBMZxibr4hrXY1aJw&oe=66D3C8B7&_nc_sid=4f4799,C_LXA9GxRc8,[],,https://www.instagram.com/p/C_LXA9GxRc8,moviemannan,,,
[],C_LaQ3fJpVF,Image,2024-08-27T15:24:26.000Z,Manasuke longipovadam istam..ü•∞ü¶ã‚ù§Ô∏è..#sudheeranandbayanaüòçüòçüòç #callingsahasra  #trailer #dance  #trendingreels #tvshows #telugu #telugufilmindustry #hero #ss4 #goatmovie #softwaresudheer #3monkeys...#trending #instalove #trendingreelssudheeranandbayanaoffical_ .To know more updates pls follow..@sudheer_fan_page48 .#sudheerrashmi #sudigalisudheer #love #selfcare #together #rashmigautam #sudheeranandbayanaüòçüòçüòç #life #myworld #myrules #expressions,"{""keyword"": ""GOAT movie""}",https://www.instagram.com/p/C_LaQ3fJpVF/media/?size=l,,20724,,"[""#sudheeranandbayana\ud83d\ude0d\ud83d\ude0d\ud83d\ude0d"", ""#callingsahasra"", ""#trailer"", ""#dance"", ""#trendingreels"", ""#tvshows"", ""#telugu"", ""#telugufilmindustry"", ""#hero"", ""#ss4"", ""#goatmovie"", ""#softwaresudheer"", ""#3monkeys"", ""#trending"", ""#instalove"", ""#trendingreels"", ""#sudheerrashmi"", ""#sudigalisudheer"", ""#love"", ""#selfcare"", ""#together"", ""#rashmigautam"", ""#sudheeranandbayana\ud83d\ude0d\ud83d\ude0d\ud83d\ude0d"", ""#life"", ""#myworld"", ""#myrules"", ""#expressions""]",False,False,,46,,0,"{""profile_id"": null, ""profile_url"": null, ""username"": null}","[""https://scontent-lhr6-2.cdninstagram.com/v/t51.29350-15/457034881_880481204137144_8247673387482391131_n.webp?stp=dst-jpg_e35&_nc_ht=scontent-lhr6-2.cdninstagram.com&_nc_cat=104&_nc_ohc=YRtTdr1lLNcQ7kNvgGVRA7W&edm=AABBvjUBAAAA&ccb=7-5&oh=00_AYDUGUl5Nw6C8Gnpl32HIH6v9KNTM5xSZkMX9BqfAwbKuw&oe=66D3CD72&_nc_sid=4f4799""]",3443961848354215237,3443961848354215237,1266,,https://scontent-lhr8-1.cdninstagram.com/v/t51.2885-19/334764442_701013491723559_9091296766377120989_n.jpg?stp=dst-jpg_s150x150&_nc_ht=scontent-lhr8-1.cdninstagram.com&_nc_cat=103&_nc_ohc=0G12Temtt10Q7kNvgGMelqC&edm=AABBvjUBAAAA&ccb=7-5&oh=00_AYBmZ0zlbKbqnrI5FtfNF4vofC3Pbg-ZG5R8q3afeGUf7w&oe=66D3BBEE&_nc_sid=4f4799,C_LaQ3fJpVF,[],,https://www.instagram.com/p/C_LaQ3fJpVF,sudheer_fan_page48,,,
[],C_LePa-yGTP,Image,2024-08-27T15:59:12.000Z,'GOAT'  ‡Æ™‡Æü ‡Æü‡Øç‡Æ∞‡ØÜ‡ÆØ‡Øç‡Æ≤‡Æ∞‡ØÅ‡Æï‡Øç‡Æï‡ØÅ 1  ‡ÆÆ‡Æø‡Æ≤‡Øç‡Æ≤‡Æø‡ÆØ‡Æ©‡Øç ‡Æ≤‡Øà‡Æï‡Øç‡Æ∏‡Øç..! #Archanakalpathi | #ArchanaKalpathi #goatmovie |#actorvijay | #VenkatPrabhu | #vijayfanstrends  | #vijayfans | #tvkvijayhq | #vijayfansclub | #thalapathyvijay |  | #celebritynews | #moviereviews | #TrailerRelease |,"{""keyword"": ""GOAT movie""}",https://www.instagram.com/p/C_LePa-yGTP/media/?size=l,,4503,,"[""#Archanakalpathi"", ""#ArchanaKalpathi"", ""#goatmovie"", ""#actorvijay"", ""#VenkatPrabhu"", ""#vijayfanstrends"", ""#vijayfans"", ""#tvkvijayhq"", ""#vijayfansclub"", ""#thalapathyvijay"", ""#celebritynews"", ""#moviereviews"", ""#TrailerRelease""]",False,False,,4,,0,"{""profile_id"": null, ""profile_url"": null, ""username"": null}","[""https://instagram.fuln6-1.fna.fbcdn.net/v/t51.29350-15/457348334_8075577772559995_939022291297817318_n.heic?stp=dst-jpg_e35&_nc_ht=instagram.fuln6-1.fna.fbcdn.net&_nc_cat=107&_nc_ohc=Nnone2CeHXgQ7kNvgElJxkR&edm=AABBvjUBAAAA&ccb=7-5&oh=00_AYD_b5nd9-k5IbqdHP7NiPqaYtpOzumtzuJdgZPUS4FJgw&oe=66D3D146&_nc_sid=4f4799""]",3443979341212968143,3443979341212968143,10429,,https://instagram.fuln6-2.fna.fbcdn.net/v/t51.2885-19/456696108_371260849353735_7219442836309555538_n.jpg?stp=dst-jpg_s150x150&_nc_ht=instagram.fuln6-2.fna.fbcdn.net&_nc_cat=103&_nc_ohc=FuxNptP8td8Q7kNvgFiNhp3&edm=AABBvjUBAAAA&ccb=7-5&oh=00_AYDS2-mmIndS3AGzqLHp12KmOsqmO30ucCkXtvvChKXgig&oe=66D3D790&_nc_sid=4f4799,C_LePa-yGTP,[],,https://www.instagram.com/p/C_LePa-yGTP,vijy.raajeess,,,
[],C_LZeEYyBll,Image,2024-08-27T15:17:30.000Z,Waiting.... #goat #goatmovie,"{""keyword"": ""GOAT movie""}",https://www.instagram.com/p/C_LZeEYyBll/media/?size=l,,145618,,"[""#goat"", ""#goatmovie""]",False,True,,-1,"[""Chennai"", ""India""]",0,"{""profile_id"": null, ""profile_url"": null, ""username"": null}","[""https://instagram.fpos1-2.fna.fbcdn.net/v/t51.29350-15/457392781_498715489539374_1103129815700506056_n.webp?stp=dst-jpg_e35_p1080x1080&_nc_ht=instagram.fpos1-2.fna.fbcdn.net&_nc_cat=102&_nc_ohc=8QBZWD1r54sQ7kNvgFNgVj3&edm=AABBvjUBAAAA&ccb=7-5&oh=00_AYDp_cfSF1fSrBYMMwPUrqkMENn-J-W0Kv59pulINOP-sQ&oe=66D3C3A9&_nc_sid=4f4799""]",3443958357512690021,3443958357512690021,64,,https://instagram.fpos1-2.fna.fbcdn.net/v/t51.2885-19/454265875_819640180250894_5545506966181935840_n.jpg?stp=dst-jpg_s150x150&_nc_ht=instagram.fpos1-2.fna.fbcdn.net&_nc_cat=102&_nc_ohc=HUWfj7u63PQQ7kNvgG2Gi97&edm=AABBvjUBAAAA&ccb=7-5&oh=00_AYDccJf-3ciKE1l5ZL3btA7IncLQNiv2Uq05AbXNNskbBQ&oe=66D3BF01&_nc_sid=4f4799,C_LZeEYyBll,[],,https://www.instagram.com/p/C_LZeEYyBll,vishalsspot,,,
[],C_LabSeyK3a,Image,2024-08-27T15:25:52.000Z,Sweetly üçÉtouches my heartüíï of her glowing eyes ‚ô•Ô∏èlove uüíó cutie sriüå∏@srinidhi_shetty @srinidhi_shetty @srinidhi_shetty@hombalefilms@thenameisyash....Support üôèüëâ@srinidhi_admire_.....#proudtobeasrinidhian  #srinidhishettyfans #trendingreel #srinidhishettyüë∏ #srinidhishettyfans #yash #kgf #kgf2 #kgfreenaüíû #mehabooba‚ô•Ô∏è‚ô•Ô∏è #cobra #cobrabhavanaüå∏üå∏üå∏ #thumbithullal #tharangini #chiaanvikram #thalapathyüî•#chuttamalle #goatmovie #aasakooda  #harrisjayarajmusical #naturephotography  #saree #srinidhishetty‚ù§üòç #srinidhishettyfans,"{""keyword"": ""GOAT movie""}",https://www.instagram.com/p/C_LabSeyK3a/media/?size=l,,5823,,"[""#proudtobeasrinidhian"", ""#srinidhishettyfans"", ""#trendingreel"", ""#srinidhishetty\ud83d\udc78"", ""#srinidhishettyfans"", ""#yash"", ""#kgf"", ""#kgf2"", ""#kgfreena\ud83d\udc9e"", ""#mehabooba\u2665\ufe0f\u2665\ufe0f"", ""#cobra"", ""#cobrabhavana\ud83c\udf38\ud83c\udf38\ud83c\udf38"", ""#thumbithullal"", ""#tharangini"", ""#chiaanvikram"", ""#chuttamalle"", ""#goatmovie"", ""#aasakooda"", ""#harrisjayarajmusical"", ""#naturephotography"", ""#saree"", ""#srinidhishetty\u2764\ud83d\ude0d"", ""#srinidhishettyfans""]",False,False,,-1,"[""Srinidhi""]",0,"{""profile_id"": null, ""profile_url"": null, ""username"": null}","[""https://instagram.fbir2-1.fna.fbcdn.net/v/t51.29350-15/457219962_418475477403203_2835483542237428443_n.webp?stp=dst-jpg_e35_p1080x1080&_nc_ht=instagram.fbir2-1.fna.fbcdn.net&_nc_cat=111&_nc_ohc=bJz9yYZzlt8Q7kNvgFEkidb&edm=AABBvjUBAAAA&ccb=7-5&oh=00_AYBW0qMvl95cDyrHsFMdHF4KoFr7dwQHqx6I2j5e6jSXvQ&oe=66D3EC9D&_nc_sid=4f4799""]",3443962564533857754,3443962564533857754,525,,https://instagram.fbir2-1.fna.fbcdn.net/v/t51.2885-19/355416532_108606435598601_6810764680334597319_n.jpg?stp=dst-jpg_s150x150&_nc_ht=instagram.fbir2-1.fna.fbcdn.net&_nc_cat=105&_nc_ohc=M3wUF937CaoQ7kNvgEh3wKc&edm=AABBvjUBAAAA&ccb=7-5&oh=00_AYB0MW9jOqCcp9Td78JGIgXGrCr4b7qNM5-clGUzAE5Rvg&oe=66D3DA9F&_nc_sid=4f4799,C_LabSeyK3a,[],,https://www.instagram.com/p/C_LabSeyK3a,srinidhi_admire_,,,
[],C_LgpkATD2O,Image,2024-08-27T16:20:14.000Z,Thalapathy ‚ú®üî•Goat movie poster‚ú®üî•.......#goatmovie #thalapathyvijay #instareels,"{""keyword"": ""GOAT movie""}",https://www.instagram.com/p/C_LgpkATD2O/media/?size=l,,13,,"[""#goatmovie"", ""#thalapathyvijay"", ""#instareels""]",False,False,,1,,0,"{""profile_id"": null, ""profile_url"": null, ""username"": null}","[""https://instagram.fpnh18-3.fna.fbcdn.net/v/t51.29350-15/457135862_1218052282664953_8087456784875955695_n.jpg?stp=dst-jpg_e35_s1080x1080&_nc_ht=instagram.fpnh18-3.fna.fbcdn.net&_nc_cat=101&_nc_ohc=I86GFJOE2I8Q7kNvgFRAzG_&edm=AABBvjUBAAAA&ccb=7-5&oh=00_AYAwWKfH4O7eR5xqRWV3_-Ytk6ZwBr2l7giamU4vdqCDXg&oe=66D3EC76&_nc_sid=4f4799""]",3443989933701479822,3443989933701479822,8,,https://instagram.fpnh18-5.fna.fbcdn.net/v/t51.2885-19/457242889_818090746981143_4215885349576929148_n.jpg?stp=dst-jpg_s150x150&_nc_ht=instagram.fpnh18-5.fna.fbcdn.net&_nc_cat=103&_nc_ohc=iHXHr5cDtGAQ7kNvgFSdJxQ&edm=AABBvjUBAAAA&ccb=7-5&oh=00_AYC5gNrc5j9RthciE-t_B30NwtmSJvKlkoSXCafE9vErEg&oe=66D3D803&_nc_sid=4f4799,C_LgpkATD2O,[],,https://www.instagram.com/p/C_LgpkATD2O,leo_creation_67,,,
[],C_LceHvs8HF,Image,2024-08-27T15:43:44.000Z,With Goat @actorvijay .#thalapathy #thalapathyvijay #vijay #tamil #kollywood #bigil #uyir #master #samantha #tamilcinema #actorvijay #thala #mersal #thalapathyfans #tamilmemes #goatmovie #greatestofalltime #thalapathyvijayfans thalapathy vijay goat movie,"{""keyword"": ""GOAT movie""}",https://www.instagram.com/p/C_LceHvs8HF/media/?size=l,,1924,,"[""#thalapathy"", ""#thalapathyvijay"", ""#vijay"", ""#tamil"", ""#kollywood"", ""#bigil"", ""#uyir"", ""#master"", ""#samantha"", ""#tamilcinema"", ""#actorvijay"", ""#thala"", ""#mersal"", ""#thalapathyfans"", ""#tamilmemes"", ""#goatmovie"", ""#greatestofalltime"", ""#thalapathyvijayfans""]",False,False,"[{""comments"": ""Editing level up\ud83d\udd25\ud83d\udd25\ud83d\udd25\ud83d\udd25\ud83d\udd25"", ""likes"": 0, ""user_commenting"": ""father_of_puchki""}, {""comments"": ""\ud83d\ude0d"", ""likes"": 0, ""user_commenting"": ""rohith.jetti.16""}, {""comments"": ""Mera bhi ek aisa bana do bro \ud83e\udee8\ud83e\udee8"", ""likes"": 0, ""user_commenting"": ""i__m__nasim""}, {""comments"": ""Areeee dada \ud83e\udee8\ud83e\udee8\ud83e\udee8"", ""likes"": 1, ""replies"": [{""comments"": ""@i__m__nasim \u2764\ufe0f\ud83d\ude0d"", ""likes"": 0, ""user_commenting"": ""bhaisaab_chiku""}], ""user_commenting"": ""i__m__nasim""}, {""comments"": ""\ud83d\ude2e\ud83d\ude2e\ud83d\ude2e\ud83d\ude2e"", ""likes"": 1, ""user_commenting"": ""i__m__nasim""}]",30,"[""Chennai"", ""Tamilnadu""]",6,"{""profile_id"": null, ""profile_url"": null, ""username"": null}","[""https://instagram.fcph2-1.fna.fbcdn.net/v/t51.29350-15/457376082_3810154742644071_6602353056626165854_n.heic?stp=dst-jpg_e35_p1080x1080&_nc_ht=instagram.fcph2-1.fna.fbcdn.net&_nc_cat=103&_nc_ohc=mQh8JjiNoZcQ7kNvgGTI3aj&edm=AABBvjUBAAAA&ccb=7-5&oh=00_AYDWirny0R7teQ-Z8K6n9gjWyicZtlKoYGN915anToTiiQ&oe=66D3C8D5&_nc_sid=4f4799""]",3443971555257991621,3443971555257991621,614,,https://instagram.fcph2-1.fna.fbcdn.net/v/t51.2885-19/455191056_1267771437915524_7415514926866794236_n.jpg?stp=dst-jpg_s150x150&_nc_ht=instagram.fcph2-1.fna.fbcdn.net&_nc_cat=108&_nc_ohc=kVoBEobG19sQ7kNvgGmbapI&edm=AABBvjUBAAAA&ccb=7-5&oh=00_AYA9X6SySAnuDN9Lkz5TjgaUTx8NTPwWTtufUqMowEdlXw&oe=66D3D6B8&_nc_sid=4f4799,C_LceHvs8HF,[],,https://www.instagram.com/p/C_LceHvs8HF,bhaisaab_chiku,,,
"[""thalapathy_master_of_universe"", ""endrum_thalapathy_valiyil._""]",C_Lft6vS_vt,Image,2024-08-27T16:12:06.000Z,Thegreatestofalltime üíØ‚ù§Ô∏è‚Äçüî•FOLLOW‚¨áÔ∏è@thalapathy__dinesh__#thegreatestofalltime #tvkflag #tvkvijay #thegoat #tvk #tamilagavettrikazhagam #trend #goatmovie #vijay,"{""keyword"": ""GOAT movie""}",https://www.instagram.com/p/C_Lft6vS_vt/media/?size=l,,3607,,"[""#thegreatestofalltime"", ""#tvkflag"", ""#tvkvijay"", ""#thegoat"", ""#tvk"", ""#tamilagavettrikazhagam"", ""#trend"", ""#goatmovie"", ""#vijay""]",False,False,"[{""comments"": ""\ud83d\udd25\ud83d\udd25"", ""likes"": 0, ""user_commenting"": ""2k_solo_boy__""}]",-1,"[""Villupuram""]",1,"{""profile_id"": null, ""profile_url"": null, ""username"": null}","[""https://instagram.fvte2-3.fna.fbcdn.net/v/t51.29350-15/457137463_360869946957978_3088969525588426835_n.webp?stp=dst-jpg_e35&_nc_ht=instagram.fvte2-3.fna.fbcdn.net&_nc_cat=106&_nc_ohc=s44IBP07xNYQ7kNvgFol8MP&edm=AABBvjUBAAAA&ccb=7-5&oh=00_AYDj-t8VRnYIwyXMnhSjPjJggZ238soilXUs_eBc2I6k1w&oe=66D3D77C&_nc_sid=4f4799""]",3443985834943708141,3443985834943708141,693,,https://instagram.fvte2-2.fna.fbcdn.net/v/t51.2885-19/439097148_795626182065252_3568538026182681042_n.jpg?stp=dst-jpg_s150x150&_nc_ht=instagram.fvte2-2.fna.fbcdn.net&_nc_cat=100&_nc_ohc=9TrBKkmyzocQ7kNvgH4Jcys&edm=AABBvjUBAAAA&ccb=7-5&oh=00_AYAeMnL69hvrsk_p9-urg9ghVKC7Yp7L2U2vKnRiXsunrg&oe=66D3DF36&_nc_sid=4f4799,C_Lft6vS_vt,"[{""full_name"": ""Thalapathy Real Beast Mode"", ""id"": ""48673146466"", ""is_verified"": false, ""profile_pic_url"": ""https://instagram.fvte2-2.fna.fbcdn.net/v/t51.2885-19/437590038_287131377777325_7562649451737574412_n.jpg?stp=dst-jpg_s150x150&_nc_ht=instagram.fvte2-2.fna.fbcdn.net&_nc_cat=101&_nc_ohc=9dmIDq8xF6cQ7kNvgGnnf8s&edm=AABBvjUBAAAA&ccb=7-5&oh=00_AYDTJBIt-5qkI3NPVwduFwZjO1hikUjTlVM24kkFkTPfDw&oe=66D3DF99&_nc_sid=4f4799"", ""username"": ""thalapathy_master_of_universe""}, {""full_name"": ""Actor Vijay Updates 24/7 \ud83d\udcc8 (20K\ud83c\udfaf)"", ""id"": ""18750685663"", ""is_verified"": false, ""profile_pic_url"": ""https://instagram.fvte2-3.fna.fbcdn.net/v/t51.2885-19/448711100_400531552331133_6828260047047795154_n.jpg?stp=dst-jpg_s150x150&_nc_ht=instagram.fvte2-3.fna.fbcdn.net&_nc_cat=109&_nc_ohc=43_GcYsSo-0Q7kNvgGYgD3s&edm=AABBvjUBAAAA&ccb=7-5&oh=00_AYDSk0uzJId0E4l6oTEIvaClNr8__0GmTPXBIfoYKE3vsQ&oe=66D3C2FA&_nc_sid=4f4799"", ""username"": ""actor_vijay_updates""}, {""full_name"": ""saravana |2k |\ud83d\udd10\ud83c\udfaf\ud83d\udd13"", ""id"": ""52279497307"", ""is_verified"": false, ""profile_pic_url"": ""https://instagram.fvte2-3.fna.fbcdn.net/v/t51.2885-19/456388703_890151836312106_2072388636756536567_n.jpg?stp=dst-jpg_s150x150&_nc_ht=instagram.fvte2-3.fna.fbcdn.net&_nc_cat=106&_nc_ohc=oda1B9oMei8Q7kNvgEvrDlc&edm=AABBvjUBAAAA&ccb=7-5&oh=00_AYC_Rlqk78FxlNGxVUWe4TqxO9rFwZwEg4eBosSEAZ-w1g&oe=66D3C33B&_nc_sid=4f4799"", ""username"": ""sr_creation_editz""}, {""full_name"": ""\ud835\ude4f\ud835\ude5d\ud835\ude56\ud835\ude61\ud835\ude56\ud835\ude65\ud835\ude56\ud835\ude69\ud835\ude5d\ud835\ude6e \ud835\ude51\ud835\ude5e\ud835\ude5f\ud835\ude56\ud835\ude6e"", ""id"": ""48864184425"", ""is_verified"": false, ""profile_pic_url"": ""https://instagram.fvte2-1.fna.fbcdn.net/v/t51.2885-19/450327177_449569787843057_2897364282225186996_n.jpg?stp=dst-jpg_s150x150&_nc_ht=instagram.fvte2-1.fna.fbcdn.net&_nc_cat=105&_nc_ohc=F0cNqWTGN5EQ7kNvgFI_GCX&edm=AABBvjUBAAAA&ccb=7-5&oh=00_AYBji9MNaUDcwSvTOkDHCYJ-RP1NzWA7tkQ4f6Gp86cqGw&oe=66D3CFE5&_nc_sid=4f4799"", ""username"": ""thalapathyvijay__jd""}, {""full_name"": ""\u0ba4\u0bb3\u0baa\u0ba4\u0bbf\ud83d\udd25\ud83e\udd81"", ""id"": ""64731017072"", ""is_verified"": false, ""profile_pic_url"": ""https://instagram.fvte2-2.fna.fbcdn.net/v/t51.2885-19/432062136_920925399438116_2362213545827446650_n.jpg?stp=dst-jpg_s150x150&_nc_ht=instagram.fvte2-2.fna.fbcdn.net&_nc_cat=108&_nc_ohc=EbM8DV11QoYQ7kNvgE9I-4N&edm=AABBvjUBAAAA&ccb=7-5&oh=00_AYAgyjAaCY_r_2N_soP8LY2ug3BruTGdunqgu4XUmG2PkA&oe=66D3BCAA&_nc_sid=4f4799"", ""username"": ""endrum_thalapathy_valiyil._""}]",,https://www.instagram.com/p/C_Lft6vS_vt,thalapathy__dinesh__,,,
[],C_LaGVtz9SW,Image,2024-08-27T15:23:00.000Z,"Bloopers, Action, and the Greatest of All Time! üòéüíØ Get ready for the ultimate ride! üé¨üí• #ThalapathyVijay #GOATMovie #MovieTime #ActionFlick #IndianCinemaRoyalty #VijayFan #FilmFanatic #CineWorld#thalapathy #thalapathyvijay #vijayfan","{""keyword"": ""GOAT movie""}",https://www.instagram.com/p/C_LaGVtz9SW/media/?size=l,,25,,"[""#ThalapathyVijay"", ""#GOATMovie"", ""#MovieTime"", ""#ActionFlick"", ""#IndianCinemaRoyalty"", ""#VijayFan"", ""#FilmFanatic"", ""#CineWorld"", ""#thalapathy"", ""#thalapathyvijay"", ""#vijayfan""]",False,False,,0,,0,"{""profile_id"": null, ""profile_url"": null, ""username"": null}","[""https://scontent-bog2-1.cdninstagram.com/v/t51.29350-15/457141311_1057599076108466_612625220556305608_n.jpg?stp=dst-jpg_e35&_nc_ht=scontent-bog2-1.cdninstagram.com&_nc_cat=102&_nc_ohc=TRd7aIxitKwQ7kNvgF955S1&edm=AABBvjUBAAAA&ccb=7-5&oh=00_AYDNFu8Qzo7WG2qa09lZfafPgfSaEZaEWcLv-O3GQNZGEA&oe=66D3DA5B&_nc_sid=4f4799""]",3443961124898198678,3443961124898198678,157,,https://scontent-bog2-1.cdninstagram.com/v/t51.2885-19/456262785_405514792176517_8562373178737814839_n.jpg?stp=dst-jpg_s150x150&_nc_ht=scontent-bog2-1.cdninstagram.com&_nc_cat=101&_nc_ohc=7sNTSeAYgbMQ7kNvgHM1Mu0&edm=AABBvjUBAAAA&ccb=7-5&oh=00_AYDSAyKulkOSo8qMlOiPq28mOAPo6EIQ7hLIMKJjkJZbcw&oe=66D3C559&_nc_sid=4f4799,C_LaGVtz9SW,[],,https://www.instagram.com/p/C_LaGVtz9SW,cine_crease,,,
"[""thalapathy_master_of_universe"", ""endrum_thalapathy_valiyil._""]",C_LcewpyW6E,Image,2024-08-27T15:43:49.000Z,9 Days To Go ! üòç‚ù§Ô∏è‚Äçüî•FOLLOW‚¨áÔ∏è@thalapathy__dinesh__#thegreatestofalltime #thegoat #goatmovie #tvkvijay #thalapathi #tamilagavettrikazhagam #trend #tvk,"{""keyword"": ""GOAT movie""}",https://www.instagram.com/p/C_LcewpyW6E/media/?size=l,,3607,,"[""#thegreatestofalltime"", ""#thegoat"", ""#goatmovie"", ""#tvkvijay"", ""#thalapathi"", ""#tamilagavettrikazhagam"", ""#trend"", ""#tvk""]",False,False,,-1,"[""Villupuram""]",0,"{""profile_id"": null, ""profile_url"": null, ""username"": null}","[""https://instagram.fogl3-1.fna.fbcdn.net/v/t51.29350-15/457039626_863797518622104_1454588015050735526_n.webp?stp=dst-jpg_e35&_nc_ht=instagram.fogl3-1.fna.fbcdn.net&_nc_cat=100&_nc_ohc=Tr6GiK5MQf8Q7kNvgFCpRYx&_nc_gid=39a742d1dd7349ca81ff0a033ffff7c9&edm=AABBvjUBAAAA&ccb=7-5&oh=00_AYBegf_dCDNOu8bjx0wDzl5TU7DgqfieojrPG9MHS1keyQ&oe=66D3BF9D&_nc_sid=4f4799""]",3443971599182163588,3443971599182163588,693,,https://instagram.fogl3-1.fna.fbcdn.net/v/t51.2885-19/439097148_795626182065252_3568538026182681042_n.jpg?stp=dst-jpg_s150x150&_nc_ht=instagram.fogl3-1.fna.fbcdn.net&_nc_cat=100&_nc_ohc=9TrBKkmyzocQ7kNvgHcR690&_nc_gid=39a742d1dd7349ca81ff0a033ffff7c9&edm=AABBvjUBAAAA&ccb=7-5&oh=00_AYDbQnjoT_tnvbCKFYzZpDXicA2OrVuUmIz6BgleONVv3g&oe=66D3DF36&_nc_sid=4f4799,C_LcewpyW6E,"[{""full_name"": ""Thalapathy Real Beast Mode"", ""id"": ""48673146466"", ""is_verified"": false, ""profile_pic_url"": ""https://instagram.fogl3-1.fna.fbcdn.net/v/t51.2885-19/437590038_287131377777325_7562649451737574412_n.jpg?stp=dst-jpg_s150x150&_nc_ht=instagram.fogl3-1.fna.fbcdn.net&_nc_cat=101&_nc_ohc=9dmIDq8xF6cQ7kNvgEiIM_C&_nc_gid=39a742d1dd7349ca81ff0a033ffff7c9&edm=AABBvjUBAAAA&ccb=7-5&oh=00_AYDg54dOKXEauXFU0GBne7n1raD777RKWWasv0XtXpC67Q&oe=66D3DF99&_nc_sid=4f4799"", ""username"": ""thalapathy_master_of_universe""}, {""full_name"": ""Actor Vijay Updates 24/7 \ud83d\udcc8 (20K\ud83c\udfaf)"", ""id"": ""18750685663"", ""is_verified"": false, ""profile_pic_url"": ""https://instagram.fogl3-1.fna.fbcdn.net/v/t51.2885-19/448711100_400531552331133_6828260047047795154_n.jpg?stp=dst-jpg_s150x150&_nc_ht=instagram.fogl3-1.fna.fbcdn.net&_nc_cat=109&_nc_ohc=43_GcYsSo-0Q7kNvgFbImpR&edm=AABBvjUBAAAA&ccb=7-5&oh=00_AYCWfNvq3Fjfd3tU1vh5-cdGJqa6bDlCH_Y3UtQbq43WDw&oe=66D3C2FA&_nc_sid=4f4799"", ""username"": ""actor_vijay_updates""}, {""full_name"": ""saravana |2k |\ud83d\udd10\ud83c\udfaf\ud83d\udd13"", ""id"": ""52279497307"", ""is_verified"": false, ""profile_pic_url"": ""https://instagram.fogl3-1.fna.fbcdn.net/v/t51.2885-19/456388703_890151836312106_2072388636756536567_n.jpg?stp=dst-jpg_s150x150&_nc_ht=instagram.fogl3-1.fna.fbcdn.net&_nc_cat=106&_nc_ohc=oda1B9oMei8Q7kNvgHmccGn&edm=AABBvjUBAAAA&ccb=7-5&oh=00_AYCL0mGtOEIVBb730sbMqpji68xUqmYc2WfxPkKefHT7UA&oe=66D3C33B&_nc_sid=4f4799"", ""username"": ""sr_creation_editz""}, {""full_name"": ""\ud835\ude4f\ud835\ude5d\ud835\ude56\ud835\ude61\ud835\ude56\ud835\ude65\ud835\ude56\ud835\ude69\ud835\ude5d\ud835\ude6e \ud835\ude51\ud835\ude5e\ud835\ude5f\ud835\ude56\ud835\ude6e"", ""id"": ""48864184425"", ""is_verified"": false, ""profile_pic_url"": ""https://instagram.fogl3-1.fna.fbcdn.net/v/t51.2885-19/450327177_449569787843057_2897364282225186996_n.jpg?stp=dst-jpg_s150x150&_nc_ht=instagram.fogl3-1.fna.fbcdn.net&_nc_cat=105&_nc_ohc=F0cNqWTGN5EQ7kNvgGr7Ici&edm=AABBvjUBAAAA&ccb=7-5&oh=00_AYC8Qcl1J43_L7JgNuFDHIEJBSUgWhQo0Z8tIKvlEp_2zw&oe=66D3CFE5&_nc_sid=4f4799"", ""username"": ""thalapathyvijay__jd""}, {""full_name"": ""\u0ba4\u0bb3\u0baa\u0ba4\u0bbf\ud83d\udd25\ud83e\udd81"", ""id"": ""64731017072"", ""is_verified"": false, ""profile_pic_url"": ""https://instagram.fogl3-1.fna.fbcdn.net/v/t51.2885-19/432062136_920925399438116_2362213545827446650_n.jpg?stp=dst-jpg_s150x150&_nc_ht=instagram.fogl3-1.fna.fbcdn.net&_nc_cat=108&_nc_ohc=EbM8DV11QoYQ7kNvgEGkov_&edm=AABBvjUBAAAA&ccb=7-5&oh=00_AYAl37YAsw24LmJmyGvoTv3K-X4jnv9XBYePfWtPINLzmg&oe=66D3BCAA&_nc_sid=4f4799"", ""username"": ""endrum_thalapathy_valiyil._""}]",,https://www.instagram.com/p/C_LcewpyW6E,thalapathy__dinesh__,,,
